Question,Answer
Penggunaan NPWP 16 Digit pada Aplikasi SAKTI dan SPAN,"Soal sering ditanya terkait Penggunaan NPWP 16 Digit pada Aplikasi SAKTI dan SPAN dapat diunduh melalui lampiran dibawah ini.
Link PDF: https://pajak.go.id/system/files/2024-02/NPWP_16_Digit_SAKTI_SPAN.pdf.pdf"
PMK-66 Tahun 2023 Terkait Natura,Link PDF: https://pajak.go.id/system/files/2023-12/FAQ%20Terkait%20PMK-66%20Tahun%202023.pdf
PMK-72 Tahun 2023 Terkait Amortisasi,Link PDF: https://pajak.go.id/system/files/2023-12/FAQ%20Terkait%20PMK-72%20Tahun%202023.pdf
Panduan Pemadanan NPWP Secara Langsung,"Layanan pemadanan Nomor Pokok Wajib Pajak (NPWP) dapat diberikan:
1. secara elektronik melalui portal layanan, web service, akun pajak.go.id pada laman resmi DJP;
2. secara langsung; dan
3. melalui Penyedia Jasa Aplikasi Perpajakan.
Panduan lebih lanjut Pemadanan NPWP Secara Langsung dapat dilihat pada dokumen terlampir di bawah ini.
Link PDF: https://pajak.go.id/system/files/2023-09/Panduan%20Teknis%20Pemadanan%20NPWP%20Secara%20Langsung.pdf"
Penyampaian SPT Masa  PPh Final dalam Rangka PPS,"Link PDF: https://pajak.go.id/system/files/2023-08/FAQ%20SPT%20Masa%20PPh%20Final%20dalam%20Rangka%20PPS.pdf
Link PDF: https://pajak.go.id/system/files/2023-08/Petunjuk%20Pengisian%20SPT%20Masa%20PPh%20Final%20dalam%20Rangka%20PPS.pdf"
Sistem Terdampak ILAP NPWP 16 Digit,"Link PDF: https://pajak.go.id/system/files/2023-12/FAQ%20Terkait%20NIK-NPWP_0.pdf
Link PDF: https://pajak.go.id/system/files/2023-12/FAQ%20Terkait%20NPWP%2016%20Digit.pdf
Link PDF: https://pajak.go.id/system/files/2023-12/FAQ%20Terkait%20NITKU.pdf
Link PDF: https://pajak.go.id/system/files/2023-12/FAQ%20Terkait%20Family%20Tax%20Unit.pdf"
Penataan Ulang Organisasi Instansi Vertikal Direktorat Jenderal Pajak,"Informasi tentang ""Penataan Ulang Organisasi Instansi Vertikal Direktorat Jenderal Pajak"" berbentuk tablist, buka link berikut untuk selengkapnya : https://pajak.go.id/id/penataan-ulang-organisasi-instansi-vertikal-direktorat-jenderal-pajak"
Penghentian Penyidikan Pasal 44B,"Informasi tentang ""Penghentian Penyidikan Pasal 44B"" berbentuk tablist, buka link berikut untuk selengkapnya : https://pajak.go.id/id/penghentian-penyidikan-pasal-44b"
Penanganan Kode Error E-Form,"Informasi tentang ""Penanganan Kode Error E-Form"" berbentuk table, buka link berikut untuk selengkapnya : https://pajak.go.id/id/penanganan-kode-error-e-form"
Penanganan Kode Error e-Filing,"Informasi tentang ""Penanganan Kode Error e-Filing"" berbentuk table, buka link berikut untuk selengkapnya : https://pajak.go.id/id/penanganan-kode-error-e-filing"
Prepopulated Pajak Masukan dan SPT Masa PPN pada Aplikasi e-Faktur,"Informasi tentang ""Prepopulated Pajak Masukan dan SPT Masa PPN pada Aplikasi e-Faktur"" berbentuk tablist, buka link berikut untuk selengkapnya : https://pajak.go.id/id/prepopulated-pajak-masukan-dan-spt-masa-ppn-pada-aplikasi-e-faktur"
Panduan Penggunaan Aplikasi e-objection,"Jawaban untuk ""Panduan Penggunaan Aplikasi e-objection"" terlalu panjang untuk ditampilkan. Silahkan baca langsung melalui link berikut: https://pajak.go.id/id/panduan-penggunaan-aplikasi-e-objection"
Panduan Penanganan Kode Error Layanan Online,"Informasi tentang ""Panduan Penanganan Kode Error Layanan Online"" berbentuk table, buka link berikut untuk selengkapnya : https://pajak.go.id/id/panduan-penanganan-kode-error-layanan-online"
Laporan Pasca Amnesti Pajak,"Informasi tentang ""Laporan Pasca Amnesti Pajak"" berbentuk tablist, buka link berikut untuk selengkapnya : https://pajak.go.id/id/84-laporan-pasca-amnesti-pajak"
Pemeriksaan Bukti Permulaan,"Informasi tentang ""Pemeriksaan Bukti Permulaan"" berbentuk tablist, buka link berikut untuk selengkapnya : https://pajak.go.id/id/pemeriksaan-bukti-permulaan"
Rasio Pajak (Tax Ratio) dari Masa ke Masa,"Berapa tingkat Rasio Pajak Indonesia dari tahun ke tahun?
Rasio Pajak adalah perbandingan penerimaan pajak terhadap produk domestik bruto. Rasio ini merupakan alut ukur untuk menilai kinerja penerimaan pajak suatu Negara. Komponen penerimaan pajak di Indonesia mencakup penerimaan pajak pusat, Penerimaan Negara Bukan Pajak (PNBP) Minyak dan Gas, dan PNBP Pertambangan Umum. Pajak daerah tidak menjadi komponen perhitungan Rasio Pajak. Berikut Formula Perhitungan Rasio Pajak mulai tahun 2010 sampai dengan tahun 2017 sebagaimana termuat dalam gambar.

Gambar: https://pajak.go.id/sites/default/files/inline-images/Rasio%20Pajak.jpg"
Peraturan Pemerintah Pajak Penghasilan UMKM,"Informasi tentang ""Peraturan Pemerintah Pajak Penghasilan UMKM"" berbentuk tablist, buka link berikut untuk selengkapnya : https://pajak.go.id/id/85-peraturan-pemerintah-pajak-penghasilan-umkm-0"
"Terkait Penetapan Status Suspend, Klarifikasi dan Tindak Lanjut Sesuai Peraturan Direktur Jenderal Pajak Nomor PER-19/PJ/2017 tentang Perlakuan Terhadap Penerbitan dan/atau Penggunaan Faktur Pajak Tidak Sah oleh Wajib Pajak","Informasi tentang ""Terkait Penetapan Status Suspend, Klarifikasi dan Tindak Lanjut Sesuai Peraturan Direktur Jenderal Pajak Nomor PER-19/PJ/2017 tentang Perlakuan Terhadap Penerbitan dan/atau Penggunaan Faktur Pajak Tidak Sah oleh Wajib Pajak"" panjang untuk ditampilkan di sini. Silakan baca langsung di: https://pajak.go.id/id/83-terkait-penetapan-status-suspend-klarifikasi-dan-tindak-lanjut-sesuai-peraturan-direktur"
Bagaimana Pelaksanaan PP 36 TAHUN 2017?,"Informasi tentang ""Bagaimana Pelaksanaan PP 36 TAHUN 2017?"" panjang untuk ditampilkan di sini. Silakan baca langsung di: https://pajak.go.id/id/82-bagaimana-pelaksanaan-pp-36-tahun-2017"
Batasan File Upload SPT,"Informasi tentang ""Batasan File Upload SPT"" panjang untuk ditampilkan di sini. Silakan baca langsung di: https://pajak.go.id/id/batasan-file-upload-spt"
Amnesti Pajak,"Informasi tentang ""Amnesti Pajak"" berbentuk tablist, buka link berikut untuk selengkapnya : https://pajak.go.id/id/amnesti-pajak-10"
"Apabila Wajib Pajak hanya melakukan penyampaian/pembetulan atas suatu SPT Tahunan PPh saja dan mengajukan permohonan pengurangan/penghapusan sanksi administrasi sesuai PMK-91/PMK.03/2015, apakah Wajib Pajak akan diperiksa atas masa?","Ya. Wajib Pajak dapat diperiksa sesuai dengan prosedur dan ketentuan pemeriksaan yang berlaku. Pembayaran, pelaporan, dan atau pembetulan yang dilakukan Wajib Pajak sabagaimana dimaksud dalam PMK-91/PMK.03/2015 tidak memberikan jaminan bahwa terhadap Wajib Pajak tidak dilakukan pemeriksaan pajak.
Pada dasarnya, apabila Wajib Pajak melakukan penyampaian/pembetulan SPT Tahunan PPh, maka Wajib Pajak seharusnya juga melakukan penyampaian/pembetulan SPT Masa yang dengan terkait SPT Tahunan PPh tersebut, seperti SPT Masa PPh Pemotongan/Pemungutan dan SPT Masa PPN dan/atau PPnBM."
Apakah Wajib Pajak dapat diperiksa setelah melakukan permohonan pembetulan atau penghapusan?,"Ya. Wajib Pajak dapat diperiksa sesuai dengan prosedur dan ketentuan pemeriksaan yang berlaku, misalnya Direktorat Jenderal Pajak menemukan data lain yang belum dilaporkan. Pembayaran, pelaporan, dan atau pembetulan yang dilakukan Wajib Pajak sabagaimana dimaksud dalam PMK-91/PMK.03/2015 tidak memberikan jaminan bahwa terhadap Wajib Pajak tidak dilakukan pemeriksaan pajak."
"Dalam hal Wajib Pajak melakukan kesalahan berulang, bagaimana interpretasi khilaf, padahal diketahui bahwa Wajib Pajak sudah pernah diperiksa?","Atas kesalahan yang dilakukan secara berulang, Wajib Pajak masih dinterpretasikan khilaf sepanjang memenuhi ketentuan dan persyaratan yang diatur dalam PMK-91/PMK.03/2015. Wajib Pajak tidak dapat dianggap khilaf atas suatu masa pajak atau tahun pajak apabila untuk masa pajak dan tahun pajak tersebut telah dilakukan pemeriksaan."
Apa batasan khilaf yang dapat diberikan pengurangan atau penghapusan sanksi administrasi?,"Dalam PMK-91/PMK.03/2015, yang termasuk dalam sanksi administrasi yang bisa dihapus karena khilaf ada di Pasal 2 PMK-91/PMK.03/2015 yang didukung dengan pernyataan kekhilafan dari Wajib Pajak."
"Wajib Pajak mengajukan permohonan pengurangan/penghapusan sanksi administrasi sesuai Pasal 36 ayat (1) a UU KUP, dengan keputusan yang menyatakan bahwa Wajib Pajak tidak diberikan pengurangan sanksi. Bolehkan mengajukan sesuai PMK-91/PMK.03/2015?",Ya. Wajib Pajak dapat mengajukan permohonan pengurangan/penghapusan sanksi berdasarkan PMK-91/PMK.03/2015 sebagai permohonan kedua.
Kapan PMK-91/PMK.03/2015 diterapkan?,"PMK-91/PMK.03/2015 berlaku sejak tanggal diundangkan/ditetapkan. Sehingga apabila terdapat permohonan sebelum berlakunya PMK-91/PMK.03/2015, maka atas permohonan tersebut tidak dapat diproses sebagaimana dimaksud dalam PMK-91/PMK.03/2015, tetapi diproses sesuai dengan PMK-8/PMK.03/2013."
Sampai berapa tahun ke belakangkah PMK-91/PMK.03/2015 berlaku?,"Pada hakekatnya tidak dibatasi, setidaknya untuk SPT 5 (lima) tahun ke belakang yang terhitung sejak Tahun Pajak 2014 (SPT Tahunan PPh) dan/atau Masa Pajak Desember 2014 (SPT Masa)."
Berapa kali Wajib Pajak dapat melakukan pembetulan SPT di tahun 2015 atas suatu masa pajak atau tahun pajak untuk mendapatkan fasilitas penghapusan/pengurangan sanksi administrasi?,"Tidak ada batasan, selama belum dilakukan tindakan pemeriksaan."
Apakah Wajib Pajak masih dapat memperoleh fasilitas PMK-91/PMK.03/2015 apabila permohonan disampaikan setelah tanggal 31 Desember 2015?,Wajib Pajak masih dapat mengajukan permohon karena PMK-91/PMK.03/2015 tidak mengatur batas waktu pengajuan permohonan. Permohonan penghapusan/pengurangan sanksi administrasi dapat dilakukan setelah diterbitkan STP oleh Direktorat Jenderal Pajak.
Berapa lama jangka waktu DJP harus menerbitkan keputusan atas permohonan Wajib Pajak?,"Direktur Jenderal Pajak harus menerbitkan Surat Keputusan Penghapusan Sanksi Administrasi atau Surat Keputusan Pengurangan Sanksi Administrasi paling lama 6 (enam) bulan sejak tanggal diterimanya permohonan. Apabila jangka waktu ini terlewati, maka permohonan tersebut dianggap dikabulkan dan Direktur Jenderal Pajak harus menerbitkan surat keputusan sesuai dengan permohonan yang diajukan oleh Wajib Pajak."
"Jika Wajib Pajak mengajukan permohonan pengurangan/penghapusan sanksi, bagaimana dengan proses penagihannya?","Dalam hal Wajib Pajak mengajukan permohonan penghapusan/pengurangan sanksi administrasi berdasarkan PMK-91/PMK.03/2015, maka atas STP yang diterbitkan tidak dilakukan tindakan penagihan pajak."
Kapan permohonan kedua bisa diajukan permohonan?,Permohonan kedua dapat diajukan setelah surat keputusan Direktur Jenderal Pajak atas permohonan yang pertama dikirim.
Apakah Wajib Pajak dapat mengajukan permohonan kembali jika permohonan sebelumnya dikembalikan?,"Jika permohonan sebelumnya dikembalikan, berlaku ketentuan:
1. apabila permohonan dikembalikan karena tidak memenuhi syarat Pasal 4 ayat (2) dan/atau ayat (3) PMK-91/PMK.03/2015 dan merupakan permohonan yang pertama, maka Wajib Pajak dianggap belum mengajukan permohonan sehingga masih berhak mengajukan permohonan paling banyak 2 (dua) kali;
2. apabila permohonan dikembalikan karena tidak memenuhi syarat Pasal 4 ayat (2) dan/atau ayat (3) PMK-91/PMK.03/2015 dan merupakan permohonan yang kedua, maka Wajib Pajak dianggap belum mengajukan permohonan yang kedua sehingga hanya berhak mengajukan permohonan 1 (satu) kali;
3. apabila permohonan dikembalikan karena tidak memenuhi ketentuan sebagaimana Pasal 3 dan/atau Pasal 4 ayat (4) PMK-91/PMK.03/2015, maka Wajib Pajak tidak dapat mengajukan permohonan kembali."
Dalam hal apa permohonan Wajib Pajak dikembalikan?,"Permohonan Wajib Pajak dikembalikan apabila tidak memenuhi persyaratan sebagaimana dimaksud dalam Pasal 4 ayat (2) dan (3) PMK-91/PMK.03/2015, ketentuan sebagaimana dimaksud dalam pasal 4 ayat (4) PMK-91/PMK.03/2015 dan/atau ketentuan sebagaimana dimaksud dalam Pasal 3 PMK-91/PMK.03/2015."
Berapa kali Wajib Pajak dapat memanfaatkan fasilitas penghapusan/pengurangan sanksi administrasi?,Tidak dibatasi. Wajib Pajak dapat mengajukan permohonan penghapusan sanksi administrasi atas setiap STP yang diterima yang memenuhi persyaratan dan ketentuan sebagaimana dimaksud dalam PMK-91/PMK.03/2015.
"Atas STP yang sama, berapa kali Wajib Pajak dapat mengajukan permohonan penghapusan/pengurangan sanksi administrasi?",Wajib Pajak dapat mengajukan permohonan pengurangan atau penghapusan sanksi administrasi paling banyak 2 (dua) kali.
Wajib Pajak diterbitkan STP seperti pada PMK-91/PMK.03/2015. Pada tahun 2015 terdapat kelebihan pembayaran PPh Pasal 25 yang kemudian dipindahbukukan ke STP tersebut atas permohonannya. Apakah diberikan pengurangan/penghapusan sanksi?,Pelunasan STP melalui mekanisme pemindahbukuan (Pbk) karena permohonan Wajib Pajak tidak termasuk yang dianggap belum membayar sehingga Wajib Pajak tidak dapat mengajukan permohonan karena tidak memenuhi ketentuan.
"Atas pengembalian yang diperoleh, apakah Wajib Pajak berhak meminta imbalan bunga?","Wajib Pajak tidak mendapatkan imbalan bunga. Sesuai Pasal 27A ayat (2) Undang-Undang KUP, imbalan bunga didapat sebagai akibat keberatan, banding dan Peninjauan Kembali. Selain itu, sesuai pasal 11 ayat (2) Undang-Undang KUP, imbalan bunga diberikan karena terlambat menerbitkan SKPKPP."
"Jika Wajib Pajak dibolehkan mengajukan permohonan dan sanksi dihapuskan, melalui mekanisme seperti apa atas pajak yang sudah dipotong dikembalikan?",Wajib Pajak mendapatkan pengembalian sesuai dengan ketentuan Pasal 11 ayat (1a) Undang-undang KUP dan Peraturan Menteri Keuangan Nomor 16/PMK.03/2011 tentang Tata Cara Penghitungan dan Pengembalian Kelebihan Pembayaran Pajak.
Di tahun 2015 Wajib Pajak diterbitkan SKPLB dan sudah memperoleh pengembalian. Namun KPP memotongkannya dengan semua utang pajaknya termasuk STP atas sanksi administrasi. Apakah diberikan pengurangan/penghapusan sanksi?,"Sepanjang pembetulan dan penyetoran pajak dilakukan untuk Tahun Pajak 2014 dan sebelumnya dan Masa Pajak Desember 2014 dan sebelumnya, maka Wajib Pajak dapat mengajukan permohonan penghapusan sanksi administrasi.
Ketentuan yang harus dipenuhi saat mengajukan permohonan adalah atas sanksi administrasi dalam STP belum dibayar sebagian atau seluruhnya. Pelunasan STP akibat pemotongan oleh fiskus pada saat menghitung SPMKP menurut PMK-91/PMK.03/2015 dianggap belum dibayar sehingga Wajib pajak masih berhak melakukan permohonan penghapusan sanksi administrasi."
Apakah ada ketentuan lain selain syarat dan dokumen yang harus dilampirkan?,"Ketentuan yang harus dipenuhi saat mengajukan permohonan adalah sebagai berikut:
1. Sanksi Administrasi dalam Surat Tagihan Pajak belum dibayar oleh Wajib Pajak; atau
2. Sanksi Administrasi dalam Surat Tagihan Pajak sudah dibayar sebagian oleh Wajib Pajak.
Dalam hal sanksi administrasi dalam Surat Tagihan Pajak telah diperhitungkan dengan kelebihan pembayaran pajak, yang dilakukan melalui potongan SPM dan/atau transfer pembayaran, sanksi administrasi dalam Surat Tagihan Pajak dianggap belum dibayar oleh Wajib Pajak."
"Kalau SPT dilaporkan dengan e-SPT, apakah semua SPT (induk dan lampirannya) harus dicetak atau cukup induknya saja? Bila memiliki kewajiban laporan keuangannya diaudit, apakah laporan keuangan yang telah diaudit oleh KAP tersebut harus dilampirkan?","Apabila Wajib Pajak melaporkan SPT dengan e-SPT, print out SPT (induk beserta lampirannya) harus dilampirkan sebagai persyaratan permohonan. Fotokopi dokumen yang dilampirkan dalam Lampiran SPT (laporan keuangan), tidak perlu dilampirkan dalam permohonan penghapusan."
Dokumen apa saja yang harus dilampirkan?,"Pada saat mengajukan permohonan harus dilampiri dengan dokumen sebagai berikut:
1. surat pernyataan yang menyatakan bahwa keterlambatan penyampaian SPT, keterlambatan pembayaran pajak, dan/atau pembetulan SPT dilakukan karena kekhilafan atau bukan karena kesalahan dan ditandatangani di atas meterai oleh Wajib Pajak dalam hal Wajib Pajak Orang Pribadi atau wakil Wajib Pajak dalam hal Wajib Pajak Badan;
2. fotokopi SPT atau SPT pembetulan atau printout-nya bila berbentuk dokumen elektronik;
3. fotokopi bukti tanda terima atau tanda pengiriman SPT sebagai bukti penyampaian SPT;
4. fotokopi SSP atau sarana lain sebagai bukti pelunasan; dan
5. fotokopi STP."
"Apakah permohonan dapat diterima oleh KPP apabila permohonan disampaikan oleh bukan Wajib Pajak, meskipun permohonan ditandatangani oleh Wajib Pajak?","Pada prinsipnya, sepanjang ditandatangani oleh Wajib Pajak (untuk Wajib Pajak Orang Pribadi) dan wakil Wajib Pajak (untuk Wajib Pajak Badan) permohonan dapat diterima."
Apakah syarat-syarat yang harus dipenuhi saat mengajukan permohonan pengurangan/penghapusan sanksi administrasi?,"Syarat-syarat yang harus dipenuhi adalah:
1. 1 (satu) permohonan untuk 1 (satu) Surat Tagihan Pajak;
2. secara tertulis dan menggunakan Bahasa Indonesia;
3. ditandatangani oleh Wajib Pajak (untuk Wajib Pajak Orang Pribadi), wakil Wajib Pajak (untuk Wajib Pajak Badan) dan tidak dapat dikuasakan. Untuk wakil Wajib Pajak, lihat pasal 32 ayat (1) Undang-Undang KUP;
4. disampaikan ke KPP dimana Wajib Pajak terdaftar."
Apakah sanksi administrasi yang timbul karena pemeriksaan dapat diberikan fasilitas pengurangan/penghapusan sanksi administrasi?,Tidak. Fasilitas ini hanya diberikan atas sanksi administrasi karena pelaksanaanself assessment systemoleh Wajib Pajak.
SPT apa saja yang menjadi ruang lingkup pengajuan permohonan penghapusan sanksi dalam PMK-91/PMK.03/2015?,"Surat Pemberitahuan (SPT) yang menjadi ruang lingkup adalah:
1. SPT Tahunan PPh Badan,
2. SPT Tahunan PPh Orang Pribadi,
3. SPT Masa PPh,
4. SPT Masa PPN, dan
5. SPT Masa PPN bagi Pemungut PPN."
Sanksi administrasi mana saja yang termasuk dalam ruang lingkup kebijakan di PMK-91/PMK.03/2015?,"Sanksi administrasi yang dapat dihapuskan sesuai kebijakan ini adalah:
1. Denda karena keterlambatan penyampaian SPT sebagaimana dimaksud dalam Pasal 7 Undang-Undang KUP;
2. Bunga karena pembetulan SPT Tahunan yang mengakibatkan utang pajak menjadi lebih besar sebagaimana dimaksud dalam Pasal 8 ayat (2) Undang-Undang KUP;
3. Bunga karena pembetulan SPT Masa yang mengakibatkan utang pajak menjadi lebih besar sebagaimana dimaksud dalam Pasal 8 ayat (2a) Undang-Undang KUP;
4. Bunga karena keterlambatan pembayaran atau penyetoran pajak yang terutang dalam SPT Masa sebagaimana dimaksud dalam Pasal 9 ayat (2a) Undang Undang KUP;
5. Bunga karena keterlambatan pembayaran atau penyetoran kekurangan pajak yang tercantum dalam SPT Tahunan sebagaimana dimaksud dalam Pasal 9 ayat (2b) Undang-Undang KUP; dan/atau
6. Denda karena tidak membuat atau terlambat membuat Faktur Pajak sebagaimana dimaksud dalam Pasal 14 ayat (4) Undang-Undang KUP."
Apakah ada batasan mengenai sanksi administrasi yang dapat dikurangkan atau dihapuskan dalam PMK-91/PMK.03/2015?,"Informasi tentang ""Apakah ada batasan mengenai sanksi administrasi yang dapat dikurangkan atau dihapuskan dalam PMK-91/PMK.03/2015?"" panjang untuk ditampilkan di sini. Silakan baca langsung di: https://pajak.go.id/id/12-apakah-ada-batasan-mengenai-sanksi-administrasi-yang-dapat-dikurangkan-atau-dihapuskan-dalam-pmk"
Apakah pemberian pengurangan atau penghapusan sanksi administrasi ini masih perlu surat permohonan dari Wajib Pajak?,"Ya. Hal tersebut dimaksudkan agar pelaksanaannya dapat berjalan secara tertib administrasi, baik dari sisi Wajib Pajak selaku pemohon maupun Direktur Jenderal Pajak selaku termohon."
Apakah yang harus dilakukan Wajib Pajak untuk mendapatkan fasilitas pengurangan atau penghapusan sanksi administrasi?,"Untuk memperoleh fasilitas pengurangan atau penghapusan sanksi administrasi, Wajib Pajak menyampaikan permohonan kepada Direktur Jenderal Pajak. Permohonan disampaikan ke KPP dimana Wajib Pajak terdaftar."
Wajib Pajak telah melakukan pembetulan SPT atau melaporkan SPT terlambat atau terlambat membayar serta sudah diterbitkan STP sebelum berlakunya PMK-91/PMK.03/2015. Dapatkah mengajukan permohonan pengurangan atau penghapusan sanksi?,"Sepanjang masa pajak dan tahun pajak memenuhi ketentuan PMK-91/PMK.03/2015 dan pembetulan, pembayaran, dan/atau pelaporan dilakukan oleh Wajib Pajak di tahun 2015, maka Wajib Pajak dapat mengajukan permohonan, walaupun permohonan diajukan setelah tahun 2015."
Mengapa tetap harus diterbitkan Surat Tagihan Pajak (STP)?,"Hal tersebut sesuai dengan prosedur dalam Undang-Undang KUP, dimana setiap sanksi administrasi yang dikenakan harus diterbitkan Surat Tagihan Pajak (STP)."
Kapan Wajib Pajak dapat mengajukan permohonan penghapusan sanksi administrasi?,"Wajib Pajak dapat mengajukan permohonan penghapusan sanksi pada tahun 2015 maupun sesudahnya, namun harus melakukan terlebih dahulu pembetulan SPT atau pelunasan kekurangan pajak di tahun 2015."
Adakah batasan atas sanksi yang dapat dimohonkan pengurangan atau penghapusan sanksi administrasi?,"Sanksi adminstrasi yang dapat dimohonkan adalah sanksi yang timbul akibat pelaporan, pembetulan, pembayaran SPT Tahunan 2014 dan sebelumnya dan/atau SPT Masa Desember 2014 dan sebelumnya yang dilakukan di tahun 2015."
Apakah ruang lingkup kekhilafan atau bukan karena kesalahan Wajib Pajak?,"Dalam Undang-Undang KUP dan Peraturan Menteri Keuangan Nomor 8/PMK.03/2013 tidak didefinisikan khilaf dan salah serta tidak ada batasannya. Namun dalam PMK-91/PMK.03/2015, kekhilafan atau bukan kesalahan Wajib Pajak dibatasi hanya kalau disebabkan adanya:
1. terlambat menyampaikan SPT Tahunan Pajak Penghasilan Tahun Pajak 2014 dan sebelumnya dan/atau SPT Masa untuk Masa Pajak Desember 2014 dan sebelumnya;
2. terlambat menyetor pajak terutang yang kurang dibayar berdasarkan SPT Tahunan Pajak Penghasilan 2014 dan sebelumnya;
3. terlambat menyetor pajak yang terutang untuk suatu saat atau masa pajak berdasarkan SPT Masa untuk Masa Pajak Desember 2014 dan sebelumnya;
4. pembetulan atas kemauan sendiri SPT Tahunan Pajak penghasilan Tahun pajak 2014 dan sebelumnya dan/atau SPT Masa untuk Masa Pajak desember 2014 dan sebelumnya yang mengakibatkan utang pajak menjadi lebih besar;
yang dilakukan pada tahun 2015."
Mengapa kebijakan ini menggunakan Peraturan Menteri Keuangan bukan ketentuan yang lebih tinggi atau yang lebih rendah?,Hal itu sesuai dengan amanat dalam Pasal 36 ayat (2) Undang-Undang KUP dimana ketentuan pelaksanaan untuk pengurangan atau penghapusan sanksi administrasi adalah Peraturan Menteri Keuangan.
Apakah yang membedakannya dengan Sunset Policy tahun 2008?,"Informasi tentang ""Apakah yang membedakannya dengan Sunset Policy tahun 2008?"" panjang untuk ditampilkan di sini. Silakan baca langsung di: https://pajak.go.id/id/3-apakah-yang-membedakannya-dengan-sunset-policy-tahun-2008"
Apakah kebijakan ini dapat dikatakan sebagai kebijakan Sunset Policy jilid II?,"Direktorat Jenderal Pajak tidak pernah menyebutnya seperti itu. Kebijakan ini lebih tepatnya adalah pelaksanaan kebijakan tahun pembinaan di tahun 2015.
Namun demikian, terdapat hal yang sama dengan ketentuan Sunset Policy tahun 2008, yaitu penghapusan sanksi administrasi bagi Wajib Pajak yang terlambat menyampaikan SPT Tahunan PPh dan/atau melakukan pembetulan SPT Tahunan PPh."
Apakah tujuan diterapkannya PMK-91/PMK.03/2015?,"Tujuan diterapkannya PMK-91/PMK.03/2015 adalah sebagai berikut:
1. melakukan pembinaan terhadap Wajib pajak, pesan yang ingin disampaikan adalah agar Wajib Pajak tahu kalau DJP tahu;
2. mendorong Wajib Pajak melaporkan SPT;
3. mendorong Wajib Pajak melapor dan menyetor sesuai yang seharusnya;
4. melakukan pembetulan SPT;
5. sebagai upaya meningkatkan penerimaan dan membangun basis data yang kuat."
"Sebagai Bendahara Pengeluaran Satker, bagaimana cara membuat billing untuk membayarkan pajak yang telah dipungut dari pihak ketiga?","Silahkan login padahttp://sse.pajak.go.iddengan menggunakan user (Bendahara) yang telah dibuat. Secara otomatis form perekaman akan menampilkan NPWP Bendahara yang bersangkutan, kemudian kosongkan isian NPWP-nya dan ganti dengan NPWP pihak ketiga, kemudian lanjutkan pengisiannya sesuai billing yang akan dibuat.
Link PDF: http://sse.pajak.go.id"
Bagaimana cara masyarakat/pembeli mengecek e-Faktur merupakan Faktur Pajak yang valid?,"Masyarakat dapat mengecek kebenaran e-Faktur melalui cara-cara berikut ini:
- Cetakan e-Faktur dilengkapi dengan QR code sebagai pengaman e-Faktur.
- QR code isinya menampilkan informasi terkait dengan transaksi penyerahan yaitu: nilai DPP dan PPN dan lain-lain.
- Informasi dalam QR code dapat dilihat dengan menggunakan aplikasi pembaca QR code (QR code scanner) yang dapat dilakukan melalui smartphone atau gadget lainnya yang mempunyai fitur yang mendukung.
- Apabila Informasi yang terdapat dalam QR code tersebut berbeda dengan yang ada dalam cetakan e-Faktur maka Faktur Pajak tersebut tidak valid."
Bagaimana cara lawan transaksi/pembeli meyakini kebenaran e-Faktur yang diterimanya?,"Untuk lawan transaksi yang merupakan pengguna e-Faktur, kebenaran e-Faktur dapat diketahui ketika proses upload faktur setelah terlebih dahulu melakukan input atas e-Faktur melalui menu Faktur Pajak Masukan.
Untuk lawan transaksi yang bukan merupakan pengguna e-Faktur kebenaran e-Faktur dapat dilakukan dengan cara sebagaimana berikut:
- Cetakan e-Faktur dilengkapi dengan QR code sebagai pengaman eFaktur. QR code isinya menampilkan informasi terkait dengan transaksi penyerahan.
- Informasi dalam QR code dapat dilihat dengan menggunakan aplikasi pembaca QR code (QR code scanner) yang dapat dilakukan melalui smartphone atau gadget lainnya yang mempunyai fitur yang mendukung.
- Apabila Informasi yang terdapat dalam QR code tersebut berbeda dengan yang ada dalam cetakan e-Faktur maka Faktur Pajak tersebut tidak valid."
"Dalam hal PKP pindah KPP, bagaiman dengan sertifikat elektronik?","Sertifikat elektronik berfungsi sebagai indentias Pengusaha Kena Pajak (PKP) pengguna e-Faktur yang penggunaannya berdasarkan Nomor Pokok Wajib Pajak (NPWP). Setiap PKP hanya memiliki 1 sertifikat elektronik kecuali apabila PKP tersebut mempunyai cabang.
Apabila PKP pindah Kantor Pelayanan Pajak (KPP) berarti NPWP PKP tersebut akan berubah (bagian kode KPP) sehingga PKP harus meminta kembali sertifikat elektronik ke KPP yang baru. Sertifikat elktronik dari KPP lama otomatis tidak dapat digunakan."
"Dalam hal pindah KPP, apakah nomor seri Faktur Pajak yang diterima di KPP lama masih bisa digunakan?","Sesuai dengan Pasal 11 ayat (2) Peraturan Direktur Jenderal Pajak Nomor PER-24/PJ/2012 bahwa untuk Pengusaha Kena Pajak (PKP) yang pindah Kantor Pelayanan Pajak (KPP), PKP masih dapat menggunakan nomor seri Faktur Pajak yang belum digunakan yang telah diterima dari KPP lama.
Namun demikian, PKP harus mengajukan permohonan kode aktivasi dan password baru ke KPP baru dengan menunjukkan asli pemberitahuan kode aktivasi dari KPP sebelumnya. Untuk pengajuan permintaan Nomor Seri Faktur Pajak berikutnya, PKP harus menggunakan kode aktivasi dan password baru yang diberikan oleh KPP baru."
Setelah menggunakan e-Faktur apakaah ke depan dalam proses pemeriksaan masih diminta menyampaikan hardcopy?,"Kedepan dalam proses pemeriksaan pajak, tidak diperlukan lagi hardcopy e-Faktur, mengingat data faktur tersebut sudah berada di Direktorat Jenderal Pajak (DJP). Namun demikian terhadap dokumen pendukung transaksi lainnya masih dimungkinkan untuk ditunjukkan dalam proses pemeriksaan."
Bagaimana pengkreditan Pajak Masukan oleh PKP yang belum menggunakan e-Faktur atas transaksi oleh Penjual yang menggunakan e-Faktur?,"Pengusaha Kena Pajak (PKP) pembeli yang menerima e-Faktur dapat dikreditkan sesuai dengan ketentuan yang berlaku, dalam hal menghendaki untuk dicetak, maka softcopy e-Faktur dapat dicetak sesuai dengan kebutuhan."
Bagaimana melakukan filter atas Faktur Pajak yang sudah dilaporkan dalam SPT Masa PPN satu masa tertentu dengan Faktur Pajak yang belum dilaporkan pada pada masa tersebut?,"Pengusaha Kena Pajak (PKP) dapat mengetahuinya Faktur Pajak yang sudah dilaporkan atau belum pada satu masa tertentu daricut off postingSPT Masa PPN.
Faktur-faktur yang tanggal approvalnya diperoleh sebelum tanggal posting merupakan Faktur-faktur yang sudah dilaporkan dalam satu masa tertentu, sedangkan Faktur-faktur yang tanggal approval diperoleh setelah tanggal posting merupakan faktur-faktur yang belum dilaporkan dalam satu masa tertentu."
Apakah pelaporan SPT PPN harus menggunakan aplikasi pembuatan SPT di e-Faktur?,"Pengusaha Kena Pajak (PKP) yang menggunakan aplikasi e-Faktur wajib membuat SPT melalui aplikasi e-Faktur. Melalui aplikasi ST pada aplikasi e-Faktur PKP dapat membuat SPT Masa PPN menggunakan data input Faktur Pajak dan Dokumen Lainnya, melengkapi formulir SPT yang sudah terbentuk da membuat file CSV yang sama dengan bentuk SPT Masa PPN 1111 untuk pelaporan ke Kantor Pelayanan Pajak (KPP).
Kedepannya direncakan PKP pengguna e-Faktur dapat melaporkan SPT Masa PPN langsung upload ke Direktorat Jenderal Pajak (DJP) tanpa harus datang ke KPP."
Bagaimana dengan PEB dan PIB di aplikasi e-Faktur?,"Untuk PEB dan PIB dapat diinput dengan aplikasi e-Faktur untuk keperluan administrasi SPT Masa PPN, akan tetapi tidak diperlukan di upload untuk PEB dan PIB."
"Kami selama ini PKP yang menerbitkan dokumen yang dipersamakan dengan Faktur Pajak sesuai PER-10/PJ/2010, apakah kami tetap harus menggunakan aplikasi e-Faktur??","Atas  dokumen yang dipersamakan dengan Faktur Pajak tetap harus direkam atau diinput melalui “Menu Dokumen Lainnya” dalam aplikasi untuk keperluan pelaporan SPT Masa PPN. Namun dokumen yang dipersamakan dengan Faktur Pajak tersebut tidak perlu diupload.
Dokumen yang dipersamakan dengan Faktur Pajak dapat direkam melalui mekanisme input data di Aplikasi e-Faktur atau dengan melakukan “impor” data dari sistem yang digunakan masing-masing Kantor Pelayanan Pajak (KPP) ke Aplikasi e-Faktur."
Apakah pedagang eceran menggunakan e-Faktur?,"Kewajiban pembuatan e-Faktur dikecualikan atas penyerahan Barang Kena Pajak dan/atau Jasa Kena Pajak yang dilakukan oleh pedagang eceran sebagaimana dimaksud dalam Pasal 20 Peraturan Pemerintah Nomor 1 Tahun 2012.
Ketentuan pembuatan Faktur Pajak oleh pedagang eceran mengikuti ketentuan sebagaimana diatur dalam Peraturan Direktur Jenderal Pajak Nomor PER-58/PJ/2010.Namun demikian, perlu dipastikan bahwa pedagang eceran yang bersangkutan telah memenuhi kriteria sebagai pedagang eceran sebagaimana diatur dalam Pasal 20 Peraturan Pemerintah Nomor 1 Tahun 2012."
Apakah admin/perekam bisa di ubah atau dihapus?,"Data Admin/Perekam dalam aplikasi e-Faktur tidak dapat dihapus, karena telah tercatat dalam data history dalam database e-Faktur. Dalam hal Login Admin/Perekam sudah tidak diperlukan lagi, misalnya pegawai yang bersangkutan telah pindah, maka Admin Utama atau Admin di atasnya dapat mengubah password Admin/Perekam yang bersangkutan sehingga tidak dimanfaatkan/disalahgunakan oleh pihak yang tidak berwenang."
Berapa maksimal jumlah admin yang diperkenankan untuk mengupload e-Faktur?,"Tidak ada batas maksimal admin yang diperkenankan untuk mengupload e-Faktur, kembali kepada kontrol internal masing-masing perusahaan."
Penandatangan Faktur. Apakah seluruh admin e-Faktur dilaporkan ke KPP sebagai penandatangan Faktur Pajak?,Seluruh admin yang akan mengupload e-Faktur sehingga namanya tercantum dalam Faktur Pajak wajib didaftarkan ke Kantor Pelayanan Pajak (KPP) sebagai Penandatangan Faktur Pajak.
Apakah penandatangan Faktur Pajak boleh orang asing?,Orang asing boleh menandatangani Faktur Pajak dengan ketentuan telah dilaporkan kepada Kantor Pelayanan Pajak (KPP) tempat terdaftar dengan menyerahkan fotokopi paspor yang sudah dilegalisasi dari kedutaan besar negara yang bersangkutan di Indonesia.
Bagaimana menambah keterangan yang ada di e-Faktur?,"Dalam aplikasi e-Faktur terdapat kolom Referensi. Pada kolom referensi ini, Pengusaha Kena Pajak (PKP) dapat mengisi keterangan apa pun, seperti nomor Invoice komersial, keterangan nilai kurs, dan keterangan lainnya. Keterangan yang dicantumkan dalam kolom referensi ini bukan merupakan bagian dari kelengkapan Faktur Pajak."
"Apakah kode barang harus diisi, bagaimana jika tidak memiliki kode barang?","Harus diisi untuk memudahkan Pengusaha Kena Pajak (PKP) untuk membuat Faktur Pajak dengan barang yang sama. Dalam hal PKP tidak memiliki kode barang, maka dapat dikosongkan."
Belum ada satuan barang pada aplikasi e-Faktur?,Satuan barang diserahkan kepada masing-masing Pengusaha Kena Pajak (PKP). Dalam hal PKP ingin memberikan penjelasan lebih rinci dapat dituliskan pada kolom Referensi Faktur Pajak.
Mengapa PPN uang muka tidak langsung otomatis 10%?,"Fitur ini dibuka sesuai dengan permintaan beberapa Pengusaha Kena Pajak (PKP) sewaktu dilakukan piloting, dengan pertimbangan terdapat beberapa PKP yang menggunakan DPP Nilai lain. Sehingga jumlah uang muka tidak secara otomatis dikalikan 10%."
Apakah kurs bisa per item barang?,"Karena dalam e-Faktur menggunakan mata uang rupiah, dan pengisian DPP adalah masing-masing barang, sehingga dalam pengisian e-Faktur harus mengkonversi masing-masing barang ke mata uang Rupiah."
Apakah e-Faktur bisa menggunakan kurs/valuta asing?,"Dalam pengisian menggunakan e-Faktur harus dengan menggunakan mata uang rupiah. Oleh karena itu, dalam hal transaksi Pengusaha Kena Pajak (PKP) menggunakan mata uang asing harus di konversi menjadi mata uang Rupiah. Untuk menambahkan keterangan nilai dalam mata uang asing dan kurs KMK yang digunakan dalam FP, PKP dapat menambahkan dalam kolom referensi."
"Pembuatan e-Faktur untuk penyerahan yang menggunakan DPP Nilai Lain, khususnya untuk jasa tenaga kerja dan freight forwarding?","Untuk membuat e-Faktur yang menggunakan DPP Nilai lain adalah sebagai berikut:
1. E-Faktur ini sudah mengakomodasi atas transaksi yang penyerahannya menggunakan Nilai lain.
2. Kode transaksi yang digunakan adalah 04.
3. Dalam rekam transaksi, DPP diisi dengan menggunakan Nilai lain sesuai dengan ketentuan yang berlaku.
4. Klik “simpan” dan terakhir dilakukan upload."
Pembuatan dan pelaporan Faktur Pajak bagi PKP deemed?,"Kewajiban pembuatan e-Faktur  dikecualikan atas penyerahan BKP dan atau JKP:
1. yang dilakukan oleh pedagang eceran sebagaimana dimaksud dalam Pasal 20 PP Nomor 1 Tahun 2012;
2. yang dilakukan oleh Pengusaha Kena Pajak (PKP) Toko Retail kepada orang pribadi pemegang paspor luar negeri sebagaimana dimaksud dalam Pasal 16E UU PPN; dan
3. yang bukti pungutan PPNnya berupa dokumen tertentu yang kedudukannya dipersamakan dengan Faktur Pajak sebagaimana dimaksud dalam Pasal 13 ayat (6) UU PPN.
Dalam hal PKP deemed tidak memenuhi kriteria di atas, maka wajib membuat e faktur dan untuk pelaporan SPT menngunakan SPT Masa PPN 1111DM"
Input retur sebelum e-Faktur?,"Secara ketentuan:
1. Nota retur atau Nota pembatalan harus dibuat pada saat BKP dikembalikan atau JKP dibatalkan
2. Bagi Pengusaha Kena Pajak (PKP) penjual BKP atau pemberi JKP, Nota retur atau Nota pembatalan dilaporkan di Masa Pajak saat Nota retur atau Nota pembatalan tersebut diterima
Secara aplikasi:
Bisa diterima dan diupload dengan keterangan dengan status approval “Faktur Pajak bukan e-Tax”"
Apakah Nota Retur bisa diprint menggunakan aplikasi e-Faktur?,"Informasi tentang ""Apakah Nota Retur bisa diprint menggunakan aplikasi e-Faktur?"" mengandung daftar kombinasi (bernomor dan bullet). Silakan baca langsung di: https://pajak.go.id/id/57-apakah-nota-retur-bisa-diprint-menggunakan-aplikasi-e-faktur"
"Apabila terjadi kesalahan tulis Kode Faktur, apakah dibuatkan Faktur Pajak pengganti atau dibatalkan?","Salah tulis kode transaksi termasuk dalam kategori salah dalam pengisian, atau salah dalam penulisan.Atas kesalahan dalam penulisan kode transaksi tersebut, maka Pengusaha Kena Pajak (PKP) dapat membuat e-Faktur pengganti melalui aplikasi atau sistem elektronik yang ditentukan dan/atau disediakan Direktorat Jenderal Pajak (DJP)."
Faktur Pajak pengganti apakah perlu dicap?,"Mengingat bahwa bentuk e-Faktur maupun Faktur Pajak penggantinya adalah berupa dokumen elektronik Faktur Pajak, yang merupakan hasil keluaran (output) dari aplikasi atau sistem elektronik yang ditentukan dan/atau disediakan oleh Direktorat Jenderal Pajak (DJP), maka atas Faktur Pajak pengganti tersebut tidak perlu dicap dengan mencantumkan “Kode dan Nomor Seri Faktur Pajak serta tanggal Faktur Pajak yang diganti”."
Faktur Pajak Pengganti atas Faktur Pajak di Masa sebelum menggunakan e-Faktur?,"Dalam hal Faktur pajak yang diganti adalah Faktur Pajak sebelum e-Faktur, maka berlaku ketentuan sbb:
1. Pengusaha Kena Pajak (PKP) membuat Faktur Pajak Pengganti terhadap Faktur Pajak yang rusak, salah dalam pengisian, atau salah dalam penulisan.
2. Faktur Pajak Pengganti tetap menggunakan Nomor Seri Faktur Pajak (NSFP) yang sama dengan NSFP yang diganti.
3. Penerbitan Faktur Pajak Pengganti mengakibatkan adanya kewajiban untuk membetulkan Surat Pemberitahuan Masa Pajak Pertambahan Nilai pada Masa Pajak terjadinya kesalahan pembuatan Faktur Pajak tersebut."
Apa perbedaan Faktur Pajak Pengganti dengan Pembatalan Faktur Pajak?,"Informasi tentang ""Apa perbedaan Faktur Pajak Pengganti dengan Pembatalan Faktur Pajak?"" panjang untuk ditampilkan di sini. Silakan baca langsung di: https://pajak.go.id/id/53-apa-perbedaan-faktur-pajak-pengganti-dengan-pembatalan-faktur-pajak"
"Faktur Pajak Pengganti, input harga dsb bagaimana penggantiannya?","Informasi tentang ""Faktur Pajak Pengganti, input harga dsb bagaimana penggantiannya?"" mengandung daftar kombinasi (bernomor dan bullet). Silakan baca langsung di: https://pajak.go.id/id/52-faktur-pajak-pengganti-input-harga-dsb-bagaimana-penggantiannya"
"Pada aplikasi e-Faktur terdapat beberapa password, bagaimana tips untuk mengingatnya?","Informasi tentang ""Pada aplikasi e-Faktur terdapat beberapa password, bagaimana tips untuk mengingatnya?"" mengandung daftar kombinasi (bernomor dan bullet). Silakan baca langsung di: https://pajak.go.id/id/51-pada-aplikasi-e-faktur-terdapat-beberapa-password-bagaimana-tips-untuk-mengingatnya"
Apa yang dimaksud dengan QR code pada e-faktur dan apa fungsinya?,Kode ini berfungsi sebagai pengaman e-Faktur. Untuk verifikasi kode ini dapat dilakukan dengan cara memindai QR Code melalui handphone yang memiliki fitur yang mendukung.
Apakah e-Faktur boleh ditandatangani secara basah apabila konsumen menghendakinya?,"e-Faktur ditandatangani secara elektronik sehingga tidak memerlukan lagi tanda tangan basah. Namun demikian, apabila konsumen masih menginginkan cetakan e-Faktur untuk ditandatangani secara basah maka hal ini dipersilahkan."
Apakah lampiran e-Faktur yang memuat detil penyerahan diperkenankan untuk tidak input di aplikasi tetapi dengan dengan cara dilampirkan pada cetakan e-Faktur seperti yang selama ini dilakukan pada Faktur Pajak kertas?,"e-Faktur harus diisi dengan jelas, lengkap, dan benar sesuai dengan keadaan yang sebenarnya sehingga detil data dan informasi (lampiran) terkait dengan penyerahan BKP/JKP harus diinput kedalam e-Faktur. Oleh sebab itu, lampiran (detil) mengenai penyerahan BKP/JKP tidak diperkenankan dalam bentuk lampiran (merujuk pada lampiran tertentu)."
Apakah faktur komersial dapat merangkap/berfungsi juga sebagai e-Faktur sebagaimana yang selama ini dilakukan pada Faktur Pajak kertas?,"Dalam rezim Faktur Pajak kertas, bentuk/tampilan/format Faktur Pajak tidak ditentukan sehingga faktur komersial dapat difungsikan sebagai Faktur Pajak sepanjang informasi yang termuat memenuhi syarat sebagaimana diatur dalam Pasal 13 ayat (5) UU PPN.
Namun dalam e-Faktur, bentuk, tampilan, dan format cetakan e-Faktur ditentukan sesuai dengan output dari aplikasi e-Faktur sehingga faktur komersial yang merupakan output dari system di luar e-Faktur tidak dapat difungsikan/merangkap sebagai Faktur Pajak."
Apakah aplikasi e-Faktur mempunyai fitur yang dapat dimanfaatkan untuk melakukan pengolahan data Faktur Pajak yang sesuai dengan kebutuhan perusahaan terkait data Faktur Pajak yang dihasilkan oleh e-Faktur?,Aplikasi e-Faktur dilengkapi dengan fitur Filter Data (F4) untuk mencari dan menampilkan data sesuai dengan kebutuhan. Melalui fitur Filter Data (F4) ini user dapat melakukan berbagai kombinasi untuk menampilkan data yang dapat dimanfaatkan untuk melakukan pengolahan data sesuai dengan kebutuhan.
Bagaimana pengisian di e-Faktur terkait uang muka yang belum diketahui jumlah dan harga barang yang akan diserahkan?,"Uang muka yang belum diketahui jumlah dan harganya, maka pengisian di e-Faktur dapat dilakukan sebagai berikut:
- Dasar Pengenaan Pajak (DPP) dan PPN diisi sesuai dengan jumlah uang muka yang diterima;
- Nama dan jenis barang dapat diisi dengan rencana barang/jasa yang akan diserahkan."
"Apakah diskon dapat diberikan atas keseluruhan Faktur, tidak per item barang. Bagaimana teknisnya?","Dalam aplikasi e-Faktur, diskon hanya dapat diberikan atas per item barang."
"Apakah harga satuan, DPP, PPN pada e-Faktur dapat bernilai 0 (nol)?","Pada aplikasi e-Faktur, Harga Satuan, Dasar Pengenaan Pajak (DPP), dan PPN dapat bernilai 0 (nol). Namun demikian, Pengusaha Kena Pajak (PKP) perlu memastikan pertimbangan pencantuman nilai 0 tersebut dalam Faktur Pajak. Sebagai contoh, dalam transaksi Pemberian Cuma-Cuma meskipun tidak terjadi pembayaran, DPP PPN adalah sebesar Harga Pokok Penjualan dan PPN-nya adalah 10% x DPP."
Apakah aplikasi e-Faktur sudah mengakomodasi pengkreditan masa pajak yang tidak sama pada pembuatan SPT PPN?,"Bahwa aplikasi e-Faktur merupakan aplikasi untuk membuat Faktur Pajak sekaligus untuk membuat SPT Masa PPN. Pada fitur pembuatan SPT PPN, aplikasi e-Faktur telah mengakomodasipengkreditan Faktur Pajak Masukan dalam Masa yang tidak sama, yaitu paling lama 3 (tiga) bulan setelah masa pajak yang bersangkutan."
Bagaimana cara pembuatan e-Faktur jika pembelinya tidak ber NPWP?,"Dalam hal pembeli tidak ber-NPWP, maka pengisian Nomor Pokok Wajib Pajak (NPWP) Pembeli dalam aplikasi e-Faktur diisi dengan angka 00.000.000.0-000.000"
Apakah tanggal SSP PPN Jasa Luar negeri harus sama dengan masa pelaporan?,"Berdasarkan PMK 40/PMK.03/2010, diatur bahwa:
- PPN terutang atas pemanfaatan JKP/BKP Tidak Berwujud dari luar Daerah Pabean wajib disetor paling lambat tanggal 15 bulan berikutnya setelah saat terutangnya pajak;
- Surat Setoran Pajak (SSP) atas penyetoran PPN tersebut dilaporkan di Masa Pajak saat terutangnya pajak.
Dengan demikian, saat penyetoran SSP Jasa Luar negeri dapat berbeda dengan masa pelaporan."
Apakah Nomor Seri Faktur diperkenankan tidak urut?,"Penggunaan Nomor Seri Faktur Pajak tidak harus berurutan. Namun demikian, Pengusaha Kena Pajak (PKP) wajib menyampaikan pemberitahuan ke KPP atas Nomor Seri Faktur Pajak yang tidak digunakan dalam satu tahun pajak."
Apakah tanggal Faktur Pajak diperkenankan lebih dulu dari tanggal surat pemberian Nomor Seri Faktur Pajak?,"Tanggal Faktur Pajak tidak diperkenankan mendahului (lebih dulu) dari tanggal surat pemberian Nomor Seri Faktur Pajak (NSFP) yang NSFPnya digunakan dalam Faktur Pajak tersebut.
Sesuai dengan Pasal 1 angka 8 dan angka 9 Peraturan Direktur Jenderal Pajak Nomor PER-24/PJ/2012 dan perubahannya, Faktur Pajak dengan tanggal mendahului (sebelum) tanggal surat pemberian NSFP merupakan Faktur Pajak yang mencantumkan keterangan yang tidak sebenarnya atau tidak sesungguhnya, sehingga merupakan Faktur Pajak Tidak Lengkap."
Bagaimana jika PKP lupa password dan passphrase?,"Apabila Pengusaha Kena Pajak (PKP) lupa password, PKP dapat melakukan reset password melalui Akun PKP, dengan cara sebagai berikut:
- Membuka akun PKP melalui web:https://efaktur.pajak.go.id/login
- Klik link lupa Password? pada halaman login
- Masukkan username berupa NPWP 15 digit dan email utama.
- Klik tombol Reset Password.
- Jika NPWP 15 dan email utama tidak valid maka system akan menampilkan informasi kesalahan.
- Jika NPWP 15 dan email utama valid maka system akan mengirimkanpassword baru ke email tersebut.
Selanjutnya, PKP dapat mengubah password melalui Akun PKP tersebut, sehingga lebih mudah diingat oleh PKP yang bersangkutan.
Apabila PKP lupa passphrase atas sertifikat elektronik, maka PKP dapat melakukan pencabutan (revoke) Sertifikat Elektronik dan mengajukan Sertifikat Elektronik yang baru sesuai tata cara sebagaimana diatur dalam Lampiran VI SE-20/PJ/2014.
Link PDF: https://efaktur.pajak.go.id/login"
"Jika jaringan internet offline atau aplikasi e-Faktur tidak dapat diakses, apa yang harus dilakukan PKP dalam menerbitkan Faktur?","Pembuatan e-Faktur harus terhubung dengan jaringan internet pada saat melakukan upload. Dalam hal internet offline atau terdapat kendala teknis dengan jaringan Direktorat Jenderal Pajak (DJP), maka Pengusaha Kena Pajak (PKP) dapat menunda sementara kegiatan upload Faktur Pajak."
"Jika data e-Faktur hilang, apa yang harus dilakukan oleh PKP?","Dalam hal Pengusaha Kena Pajak (PKP) mengalami kendala teknis yang menyebabkan data e-Faktur rusak atau hilang, PKP dapat mengajukan permintaan data e-Faktur terbatas pada data e-Faktur yang telah diunggah (upload) ke Direktorat Jenderal Pajak (DJP) melalui Kantor Pelayanan Pajak (KPP) tempat PKP dikukuhkan."
"Dalam keadaan tertentu, apakah PKP diperkenankan meminta database e-Faktur yang telah dibuat ke DJP?","Dalam hal Pengusaha Kena Pajak (PKP) mengalami kendala teknis yang menyebabkan data e-Faktur rusak atau hilang, PKP dapat mengajukan permintaan data e-Faktur terbatas pada data e-Faktur yang telah diunggah (upload) ke Direktorat Jenderal Pajak (DJP) melalui Kantor Pelayanan Pajak (KPP) tempat PKP dikukuhkan."
Bagaimana jika data e-Faktur yang dimiliki PKP berbeda dengan data yang ada di DJP?,"Data/keterangan pada e-Faktur yang telah diberikan persetujuan oleh Direktorat Jenderal Pajak (DJP) adalah sama dengan data yang dimiliki oleh DJP. Untuk itu, agar dipastikan keterangan fisik yang ada di cetakan e-Faktur sama dengan QR Code yang ada pada e-Faktur.
Tips untuk pembeli/penerima eFaktur, silahkan untuk discan QR Code menggunakan smartphone yangcompatible."
"Apabila pada proses upload terjadi kendala teknis, misal internet terputus atau listrik mati, apakah e-Faktur memberikan informasi Faktur Pajak mana saja yang berhasil di upload?","Pada bagian administrasi Faktur (baik masukan maupun keluaran) terdapat kolom status approval. Kolom ini menjelaskan status approval:
1. Belum Approve (untuk Faktur Pajak yang belum di-upload/dilaporkan ke Direktorat Jenderal Pajak, DJP)
2. Siap Approve (untuk Faktur Pajak yang sudah diupload (tidak dapat diubah), menunggu dilakukannya start uploader pada menu management upload-upload faktur)
3. Approval Sukses (menunjukkan Faktur Pajak yang telah dilaporkan dan memperoleh persetujuan DJP)
4. Reject (menunjukkan Faktur Pajak yang ditolak sistem disebabkan hal tertentu misal Nomor seri Faktur Pajak bukan jatah Pengusaha Kena Pajak, PKP)
5. Bukan Faktur e-Tax (merupakan status Approval khusus untuk Pajak Masukan yang diperoleh dari PKP yang belum menggunakan e-Faktur)"
Apakah upload e-Faktur hanya dilakukan pada jam kerja kantor dan harus terkoneksi dengan internet setiap saat?,"Upload e-Faktur dapat dilakukan 24 jam dan tidak terbatas pada jam kerja kantor. Sedangkan Jaringan internet diperlukan hanya pada saat:
- Registrasi aplikasi e-Faktur saat pertama kali;
- Autoupdate aplikasi e-Faktur;
- Upload data e-Faktur;
- Sinkronisasi data profil Pengusaha Kena Pajak (PKP, dalam hal terdapat perubahan data PKP Penjual. Misal: nama atau alamat berubah).
Catatan:Perlu diperhatikan bahwa dalam aplikasi e-Faktur terdapat fitur “uploader“ (fitur koneksi ke sistem DJP). Fitur ini aktif selama 6 jam dari aktivitas upload terakhir. Contoh: upload pukul 09.00, uploader akan terhenti pada pukul 15.00 dalam hal tidak ada aktivitas upload."
Apakah ada batas waktu melakukan pelaporan/upload eFaktur?,"Sesuai dengan PER-16/PJ/2014, batas waktu pelaporan/upload e-Faktur ke Direktorat Jenderal Pajak (DJP) tidak diatur. Namun demikian sesuai dengan proses bisnis perusahaan yang lazim, Pembeli akan meminta Faktur Pajak sesegera mungkin.
Untuk menghindari adanya transaksi/penyerahan BKP/JKP yang lupa tidak dilaporkan/upload ke DJP yang dapat mengakibatkan dikenakannya sanksi perpajakan yang berlaku, diminta untuk sesegera mungkin melakukan pelaporan/upload e-Faktur tersebut."
Apakah e-Faktur yang sudah mendapat approval merupakan Faktur Pajak yang sah?,"Ya, e-Faktur yang telah memperoleh persetujuan dari Direktorat Jenderal Pajak (DJP) merupakan Faktur Pajak yang sah proses penerbitannya. Dalam hal keterangan yang tercantum pada e-Faktur merupakan keterangan yang tidak sebenarnya atau tidak sesungguhnya maka e-Faktur tersebut tidak memenuhi kriteria lagi sebagai Faktur Pajak yang sah.
Berdasarkan PER-16/PJ/2014 telah diatur bahwa e-Faktur yang tidak memperoleh persetujuan dari DJP bukan merupakan Faktur Pajak."
"Dalam proses approval, apa saja yang dicek oleh DJP?","Direktorat Jenderal Pajak (DJP) akan melakukan pengecekan, meliputi:
1. NPWP (apakah NPWP penerbit Faktur atau NPWP lawan transaksi penerbit Faktur valid)
2. Status PKP (Apakah Penerbit Faktur merupakan PKP pada saat tanggal Faktur Pajak diterbitkan dan Apakah PKP yang menerbitkan Faktur merupakan PKP yang wajib menerbitkan e-Faktur)
3. Nomor Seri Faktur Pajak (NSFP, Apakah Nomor Seri yang tertera di Faktur Pajak benar merupakan jatah nomor seri penerbit Faktur Pajak dan Apakah tanggal Faktur Pajak tidak kurang dari/sebelum tanggal Pemberitahuan NSFP dari DJP)"
Pada pembuatan Faktur Pajak elektronik ada mekanisme pelaporan ke DJP/upload ke sistem DJP untuk memperoleh persetujuan/ approval. Apa saja yang harus dimintakan approval pada aplikasi e-Faktur?,"Pada prinsipnya yang perlu dimintakan approval Direktorat Jenderal Pajak (DJP) adalah atas:
- Faktur Pajak Keluaran; dan
- Faktur Pajak Masukan
- Faktur Pajak Pengganti,
- Pembatalan Faktur Pajak Keluaran,
- Perekaman Retur Pajak Keluaran
- Pembatalan Faktur Pajak,
- Pembuatan Retur Pajak Masukan"
"Apabila jumlah halaman e-Faktur lebih dari satu, apakah di setiap halaman ada QR Code-nya?","Tidak, QR Code hanya muncul pada halaman terakhir setelah tempat dan tanggal Faktur Pajak serta Nama yang berhak menandatangani Faktur Pajak. QR Code berisi data Faktur yang telah memperoleh persetujuan dari DJP yakni nomor Faktur, Alamat dan NPWP Penjual dan Pembeli, harga satuan, jumlah barang, harga total, DPP, PPN dan PPnBM."
Terdapat beberapa ketentuan pembuatan Faktur Pajak harus menggunakan stempel. Apakah hal tersebut sudah tersedia di aplikasi e-Faktur?,"Ya, aplikasi e-Faktur sudah menyediakan fitur untuk transaksi tertentu yang memerlukan stempel pada faktur pajak. Pengusaha Kena Pajak (PKP) tinggal memilih kode transaksi yang sesuai dengan ketentuan.
Contoh:Pada saat PKP menginput data transaksi pada aplikasi e-Faktur atas penyerahan dengan kode transaksi 07 atau 08 (penyerahan yang PPNnya mendapat fasilitas tidak dipungut atau PPN-nya dibebaskan), maka pada e-Faktur tersebut akan muncul stempel otomatis “PPN DIBEBASKAN SESUAI PP Nomor...” atau “PPN dan PPnBM TIDAK DIPUNGUT”. (format stempel telah mengikuti ketentuan yang berlaku)"
Apakah dalam satu komputer dapat digunakan untuk aplikasi e-Faktur beberapa Pengusaha Kena Pajak?,"Pada prinsipnya 1 (satu) komputer dapat digunakan untuk menjalankan beberapa aplikasi e-Faktur namun demikian untuk keamanan data transaksi dan kenyamanan aplikasi,tidak disarankanuntuk menggunakan beberapa aplikasi e-Faktur dalam 1 komputer."
Apakah 1 (satu) aplikasi e-Faktur dapat digunakan untuk beberapa PKP?,Bahwa 1 (satu) Sertifikat Elektronik diberikan untuk 1 (satu) PKP dan 1 (satu) Sertifikat Elektronik digunakan untuk 1 (satu) aplikasi e-Faktur sehingga 1 (satu) aplikasi e-Fakturtidak dapatdigunakan untuk beberapa PKP.
Bagaimana pembuatan e-Faktur oleh Cabang yang telah dilakukan Pemusatan tempat terutang PPN?,"Jawaban untuk ""Bagaimana pembuatan e-Faktur oleh Cabang yang telah dilakukan Pemusatan tempat terutang PPN?"" terlalu panjang untuk ditampilkan. Silahkan baca langsung melalui link berikut: https://pajak.go.id/id/22-bagaimana-pembuatan-e-faktur-oleh-cabang-yang-telah-dilakukan-pemusatan-tempat-terutang-ppn"
Faktur Pajak Gabungan apakah masih diperkenankan di e-Faktur?,"Ya, Faktur Pajak Gabungan masih diperkenankan dengan menggunakan aplikasi e-Faktur. Yang perlu diperhatikan adalah Faktur Pajak Gabungan digunakan untuk penyerahan kepada pembeli yang sama dalam satu bulan."
Apakah e-Faktur masih perlu dibuat rangkap 2 (dua)?,"e-Faktur tidak perlu dibuat rangkap 2 (dua) karena e-Faktur berbentuk elektronik, sehingga tidak diwajibkan untuk dicetak dalam bentuk kertas. Namun demikian dalam hal diperlukan cetakan kertas baik oleh pihak penjual dan/atau pihak pembeli, e-Faktur dapat dicetak sesuai dengan kebutuhan."
Apakah e-Faktur boleh dicetak di kertas perusahaan yang telah ada logonya?,Ya. e-Faktur berbentuk elektronik dalam format file PDF namun dalam hal Pengusaha Kena Pajak (PKP) membutuhkan e-Faktur untuk dicetak maka file e-Faktur berbentuk PDF tersebut dapat dicetak menggunakan kertas perusahaan yang telah ada logonya dan e-Faktur yang dicetak di atas kertas tersebut tetap berfungsi sebagai Faktur Pajak.
Apakah e-Faktur harus dicetak dan ditandatangani?,"e-Faktur berbentuk elektronik, sehingga tidak diwajibkan untuk dicetak dalam bentuk kertas, namun demikian dalam hal diperlukan cetakan kertas baik oleh pihak penjual dan/atau pihak pembeli, e-Faktur dapat dicetak sesuai dengan kebutuhan.
e-Faktur ditandatangani secara elektronik, sehingga tidak disyaratkan lagi untuk ditandatangani secara basah oleh pejabat/pegawai yang ditunjuk oleh Pengusaha Kena Pajak (PKP)."
"Jika PKP sudah memiliki sistem pembuatan Faktur Pajak, apakah masih harus menginput data Faktur Pajak per transaksi (key in)?","Informasi tentang ""Jika PKP sudah memiliki sistem pembuatan Faktur Pajak, apakah masih harus menginput data Faktur Pajak per transaksi (key in)?"" panjang untuk ditampilkan di sini. Silakan baca langsung di: https://pajak.go.id/id/17-jika-pkp-sudah-memiliki-sistem-pembuatan-faktur-pajak-apakah-masih-harus-menginput-data-faktur"
"Setelah ditunjuk sebagai PKP yang wajib menggunakan e-Faktur, apakah masih diperkenankan membuat Faktur Pajak berbentuk kertas?","Pengusaha Kena Pajak (PKP) yang telah ditunjuk sebagai PKP yang wajib menggunakan e-Faktur tidak diperkenankan lagi untuk membuat Faktur Pajak berbentuk kertas.
Apabila setelah ditunjuk sebagai PKP e-Faktur namun PKP tersebut tidak membuat Faktur Pajak berbentuk elektronik maka PKP dianggap tidak membuat Faktur Pajak."
Apa yang dimaksud dengan Akun PKP dan apa fungsinya?,"Akun Pengusaha Kena Pajak (PKP) adalah wadah layanan secara elektronik yang disediakan oleh Direktorat Jenderal Pajak (DJP) untuk mempermudah pemberian layanan secara elektronik dalam hal ini adalah pemberian Sertifikat Elektronik dan pemberian Nomor seri Faktur Pajak melalui website.
Fungsinya untuk mempermudah pelayanan kepada PKP sekaligus memberikan keamanan. Setiap PKP yang memenuhi syarat akan dibuatkan Akun PKP oleh DJP. Untuk dapat menggunakan Akun PKP, PKP harus mengaktifkan Akun tersebut."
Bagaimana jika PKP meminta menggunakan e-Faktur sebelum 1 Juli 2015?,"Pegusaha Kena Pajak (PKP) dapat mengajukan surat permintaan ke Kantor Pelayanan Pajak (KPP) tempat dikukuhkan. Selanjutnya KPP akan meneruskan ke Kantor Pusat Direktorat Jenderal Pajak (DJP) dengan ditembusan ke Kepala Kanwil masing-masing. Kantor Pusat DJP, dalam hal ini Direktorat Peraturan Perpajakan I akan menerbitkan Surat Keputusan untuk menetapkan PKP yang bersangkutan setelah melalui koordinasi dengan direktorat teknis terkait."
Apabila ada permasalahan terkait dengan kendala teknis kemana bisa dihubungi?,"PKP dapat menghubungi Account Representative di Kantor Pelayanan Pajak (KPP) tempat dikukuhkan atau dapat menghubungi petugas di Kring Pajak melalui telepon 1-500200. Dalam hal kendala tersebut belum tertangani, maka akan diselesaikan oleh Kantor Pusat Direktorat Jenderal Pajak."
"Apakah e-Faktur hanya bisa digunakan melalui komputer atau laptop saja, bagaimana dengan handphone smartphone?","Sementara ini, e-Faktur belum dapat digunakan di handphone dan smartphone."
Bagaimana dengan PKP yang tidak mempunyai komputer?,"Dalam hal Pengusaha Kena Pajak (PKP) tidak mempunyai komputer, PKP diminta untuk meminjam/menyewa komputer di tempat persewaan komputer.
Namun demikian mengingat harga komputer dan atau notebook sekarang ini lebih terjangkau, lebih baik mulai menganggarkan untuk membeli/mengadakan komputer/notebook."
Apa persyaratan dan ketentuan yang berlaku untuk meminta Sertifikat Elektronik?,"Jawaban untuk ""Apa persyaratan dan ketentuan yang berlaku untuk meminta Sertifikat Elektronik?"" terlalu panjang untuk ditampilkan. Silahkan baca langsung melalui link berikut: https://pajak.go.id/id/10-apa-persyaratan-dan-ketentuan-yang-berlaku-untuk-meminta-sertifikat-elektronik"
Apa fungsi Sertifikat Elektronik?,"Sebagai prasyarat untuk mendapatkan layanan perpajakan secara elektronik (melalui akun PKP) dalam melaksanakan ketentuan Undang-Undang Pajak Pertambahan Nilai seperti penggunaan aplikasi e-Faktur, permintaan nomor seri Faktur Pajak secara online dan layanan lainnya."
Apa yang dimaksud dengan Sertifikat Elektronik?,Sertifikat Elektronik adalah sertifikat yang bersifat elektronik yang memuat Tanda Tangan Elektronik dan identitas yang menunjukkan status subjek hukum para pihak dalam Transaksi Elektronik yang dikeluarkan oleh Penyelenggara Sertifikasi Elektronik.
Apa yang perlu dipersiapkan untuk membuat e-Faktur?,"Untuk membuat e-Faktur, Pengusaha Kena Pajak harus melakukan langkah-langkah berikut ini:
- Telah memiliki Sertifikat Elektronik
- Menyiapkan komputer, rekomendasi kebutuhan untuk dapat menjalankan aplikasi e-Faktur Pajak adalah perangkat keras berupa: Processor Dual Core. 3 GB RAM, 50 GB Harddisk space, VGA dengan minimal resolusi layar 1024x768, Mouse, dan Keyboard dan Perangkat Lunak berupa Sistem Operasi : Linux / Mac OS / Microsoft Windows, Java versi 1.7, dan Adobe Reader
- Terhubung dengan jaringan internet baik direct connection ataupun proxy
- Menyiapkan password permintaan Nomor seri Faktur Pajak (e-NOFA)
- Menyiapkan username penandatangan Faktur Pajak
- Menyiapkan nomor seri faktur pajak yang telah didapatkan dari Kantor Pelayanan Pajak (KPP) atau dari website Direktorat Jenderal Pajak (DJP)
- Menyiapkan data transaksi faktur pajak atau menyiapkan data impor sesuai manual user aplikasi."
Dimana dan bagaimana cara memperoleh aplikasi e-Faktur?,"Jawaban untuk ""Dimana dan bagaimana cara memperoleh aplikasi e-Faktur?"" terlalu panjang untuk ditampilkan. Silahkan baca langsung melalui link berikut: https://pajak.go.id/id/5-dimana-dan-bagaimana-cara-memperoleh-aplikasi-e-faktur"
Kapan saya harus menggunakan aplikasi e-Faktur dalam menerbitkan Faktur Pajak?,"Penerbitan Faktur Pajak dengan menggunakan aplikasi e-Faktur ditetapkan sesuai PER-16/PJ/2014 dan KEP-136/PJ/2014 dimana tahapan penggunaan aplikasi e-Faktur dibagi sebagai berikut:
- Per 1 Juli 2014 untuk PKP tertentu.
- Per 1 Juli 2015 untuk PKP Jawa dan Bali.
- Per 1 Juli 2016 untuk PKP Nasional."
Apa keuntungan menggunakan e-Faktur sebagai Penjual dan Pembeli?,"Bagi penjual:Dapat menikmati kemudahan antara lain: tanda tangan basah digantikan dengan tanda tangan elektronik, e-Faktur tidak harus dicetak sehingga mengurangi biaya kertas, biaya cetak, dan biaya penyimpanan, aplikasi e-Faktur sekaligus pembuatan SPT Masa PPN dan memperoleh kemudahan dapat meminta nomor seri Faktur Pajak melalui website Direktorat Jenderal Pajak (DJP) sehingga tidak perlu lagi datang ke Kantor Pelayanan Pajak (KPP).
Bagi pembeli:Terlindungi dari penyalahgunaan Faktur Pajak yang tidak sah, karena e-Faktur dilengkapi dengan pengaman berupa QR code yang dapat diverifikasi dengan smartphone/HP tertentu yang beredar di pasar. Sehingga PKP pembeli memperoleh kepastian bahwa PPN yang disetor oleh pembeli datanya telah dilaporkan ke DJP oleh pihak penjual."
Apa latar belakang diluncurkannya e-Faktur?,"Yang mendasari Direktorat Jenderal Pajak (DJP) membuat aplikasi ini adalah karena memperhatikan masih terdapat penyalahgunaan Faktur Pajak, diantaranya wajib pajak non Pengusaha Kena Pajak (PKP) yang menerbitkan faktur pajak padahal tidak berhak menerbitkan faktur pajak, faktur pajak yang terlambat diterbitkan, faktur pajak fiktif, atau faktur pajak ganda. Juga karena beban administrasi yang begitu besar bagi pihak DJP maupun bagi PKP."
Apa dasar hukum pembuatan e-Faktur?,"Dasar hukum pembuatan e-Faktur sebagai berikut:
1. UU Nomor 42 TAHUN 2009 tentang Perubahan Ketiga atas UU Nomor 8 TAHUN 1983 tentang PPN Barang dan Jasa dan PPnBM.
2. PMK-151/PMK.03/2013 tentang Tata Cara Pembuatan dan Tata Cara Pembetulan atau Penggantian Faktur Pajak.
3. PER-17/PJ/2014 tentang Perubahan Kedua atas PER-24/PJ/2012 tentang Bentuk, Ukuran, Prosedur Pemberitahuan dalam rangka Pembuatan, Tata Cara Pengisian Keterangan, Pembetulan atau Penggantian, dan Pembatalan Faktur Pajak.
4. PER-16/PJ/2014 tentang Tata Cara Pembuatan dan Pelaporan Faktur Pajak berbentuk Elektronik."
Apa pengertian Badan menurut ketentuan perpajakan?,"Badan adalah sekumpulan orang dan/atau modal yang merupakan kesatuan baik yang melakukan usaha maupun yang tidak melakukan usaha yang meliputi perseroan terbatas, perseroan komanditer, perseroan lainnya, badan usaha milik negara atau badan usaha milik daerah dengan nama dan dalam bentuk apa pun, firma, kongsi, koperasi, dana pensiun, persekutuan, perkumpulan, yayasan, organisasi massa, organisasi sosial politik, atau organisasi lainnya, lembaga, dan bentuk hukum lainnya termasuk kontrak investasi kolektif dan bentuk usaha tetap (Pasal 1 angka 3 UU KUP)"
FAQ e-SPT Masa PPN 1107PUT,"1. Bagaimana cara menginstal e-SPT PPN 1107PUT?Jawab:Cara menginstal e-SPT PPN 1107 PUT yaitu:Letakkan installernya pada drive C;Instal setup.exe nya dan ikuti langkah penginstalannya.
2. Letakkan installernya pada drive C;
3. Instal setup.exe nya dan ikuti langkah penginstalannya.
1. Letakkan installernya pada drive C;
2. Instal setup.exe nya dan ikuti langkah penginstalannya."
FAQ e-SPT Masa PPN 1111,"Jawaban untuk ""FAQ e-SPT Masa PPN 1111"" terlalu panjang untuk ditampilkan. Silahkan baca langsung melalui link berikut: https://pajak.go.id/id/faq-e-spt-masa-ppn-1111"
FAQ e-SPT Tahunan Badan Rupiah,"Jawaban untuk ""FAQ e-SPT Tahunan Badan Rupiah"" terlalu panjang untuk ditampilkan. Silahkan baca langsung melalui link berikut: https://pajak.go.id/id/faq-e-spt-tahunan-badan-rupiah"
FAQ e-SPT Masa PPh Pasal 23/26,"1. Versi terupdate e-SPT Masa PPh Pasal 23/26 tertanggal berapa?Jawab:Versi terupdate e-SPT Masa PPh Pasal 23/26 tertanggal 30112009.
2. Untuk Bukti Potong PPh Pasal 26 yang menggunakan ketentuan tax treaty dan menurut tax treaty hak pemajakan terdapat pada Negara partner, pemberi penghasilan tetap membuat bukti potong PPh Pasal 26 dengan tarif 0% berdasarkan PER-24/PJ./2010. Tetapi e-SPT tidak mengakomodir pembuatan bukti potong dengan tarif 0%.Jawab:Sudah disampaikan ke pihak terkait dan dalam proses penyelesaian."
FAQ e-SPT Masa PPh Pasal 22,"Jawaban untuk ""FAQ e-SPT Masa PPh Pasal 22"" terlalu panjang untuk ditampilkan. Silahkan baca langsung melalui link berikut: https://pajak.go.id/id/faq-e-spt-masa-pph-pasal-22"
FAQ e-SPT Masa PPh Pasal 21-26 (PER-32/PJ/2009),Tidak ada jawaban.
FAQ e-SPT Masa PPh Pasal 21-26 2014 (PER-14/PJ/2013),"Jawaban untuk ""FAQ e-SPT Masa PPh Pasal 21-26 2014 (PER-14/PJ/2013)"" terlalu panjang untuk ditampilkan. Silahkan baca langsung melalui link berikut: https://pajak.go.id/id/faq-e-spt-masa-pph-pasal-21-26-2014-14pj2013"
FAQ e-SPT Masa PPh Pasal 15,"Jawaban untuk ""FAQ e-SPT Masa PPh Pasal 15"" terlalu panjang untuk ditampilkan. Silahkan baca langsung melalui link berikut: https://pajak.go.id/id/faq-e-spt-masa-pph-pasal-15"
FAQ e-SPT Masa Pph Pasal 4 Ayat (2),"Jawaban untuk ""FAQ e-SPT Masa Pph Pasal 4 Ayat (2)"" terlalu panjang untuk ditampilkan. Silahkan baca langsung melalui link berikut: https://pajak.go.id/id/faq-e-spt-masa-pph-pasal-4-ayat-2"
FAQ Umum e-SPT,"Informasi tentang ""FAQ Umum e-SPT"" mengandung daftar kombinasi (bernomor dan bullet). Silakan baca langsung di: https://pajak.go.id/id/faq-umum-e-spt"
